Ginga Eiyuu Densetsu: Die Neue These;maps/Animemix_2022-2023/269021.jpg
Kaguya-sama wa Kokurasetai;maps/Animemix_2022-2023/10950.jpeg
Made in Abyss;maps/Animemix_2022-2023/271327.jpg
Bocchi the Rock!;maps/Animemix_2022-2023/277457.jpg
Kingdom;maps/Animemix_2022-2023/271601.jpg
Yuru Camp △;maps/Animemix_2022-2023/273648.jpg
Karakai Jouzu no Takagi-san ;maps/Animemix_2022-2023/272814.jpg
SPY × FAMILY;maps/Animemix_2022-2023/271517.jpg
Sono Bisque Doll wa Koi o Suru;maps/Animemix_2022-2023/269049.jpg
Suzume no Tojimari;maps/Animemix_2022-2023/277482.jpg
Chainsaw Man;maps/Animemix_2022-2023/275609.jpg
Jujutsu Kaisen;maps/Animemix_2022-2023/252222.jpg
Honzuki no Gekokujou;maps/Animemix_2022-2023/267388.jpg
Shadows House;maps/Animemix_2022-2023/273426.jpg
Boku no Hero Academia;maps/Animemix_2022-2023/275480.jpg
Cyberpunk: Edgerunners;maps/Animemix_2022-2023/286251.jpg
Kage no Jitsuryokusha ni Naritakute! ;maps/Animemix_2022-2023/277060.jpg
Yofukashi no Uta;maps/Animemix_2022-2023/272827.jpg
Lycoris Recoil;maps/Animemix_2022-2023/273740.jpg
Summer Time Render;maps/Animemix_2022-2023/269417.jpg
Arifureta Shokugyou de Sekai Saikyou;maps/Animemix_2022-2023/267235.jpg
Gaikotsu Kishi-sama, Tadaima Isekai e Odekake-chuu;maps/Animemix_2022-2023/269020.jpg
Tensei Shitara Ken Deshita;maps/Animemix_2022-2023/276007.jpg
Isekai Ojisan;maps/Animemix_2022-2023/273638.jpg
Sousou no Frieren;maps/Animemix_2022-2023/295082.jpg
Genjitsu Shugi Yuusha no Oukoku Saikenki;maps/Animemix_2022-2023/267431.jpg
Kusuriya no Hitorigoto;maps/Animemix_2022-2023/294282.jpg
Isekai Meikyuu de Harem o;maps/Animemix_2022-2023/271069.jpg
Vinland Saga;maps/Animemix_2022-2023/282714.jpg
Shingeki no Kyojin: The Final Season;maps/Animemix_2022-2023/279748.jpg
Bleach: Sennen Kessen Hen ;maps/Animemix_2022-2023/275882.jpg
Kimetsu no Yaiba;maps/Animemix_2022-2023/286580.jpg
Golden Kamuy;maps/Animemix_2022-2023/277456.jpg
Dr. Stone: New World ;maps/Animemix_2022-2023/286617.jpg
Bungou Stray Dogs;maps/Animemix_2022-2023/287436.jpg
Kimi wa Houkago Insomnia;maps/Animemix_2022-2023/286047.jpg
Mushoku Tensei II;maps/Animemix_2022-2023/290452.jpg
Tengoku Daimakyou;maps/Animemix_2022-2023/287619.jpg
Skip to Loafer;maps/Animemix_2022-2023/286582.jpg
Boku no Kokoro no Yabai Yatsu ;maps/Animemix_2022-2023/285852.jpg
Shangri-La Frontier;maps/Animemix_2022-2023/293673.jpg
Tsurune: Tsunagari no Issha;maps/Animemix_2022-2023/282663.jpg
Jigokuraku ;maps/Animemix_2022-2023/282334.jpg
Uma Musume: Pretty Derby;maps/Animemix_2022-2023/279561.jpg
Tomo-chan wa Onnanoko! ;maps/Animemix_2022-2023/280554.jpg
Undead Girl Murder Farce;maps/Animemix_2022-2023/290387.jpg
Blue Giant;maps/Animemix_2022-2023/282215.jpg
Oshi no Ko;maps/Animemix_2022-2023/287142.jpg
Pluto;maps/Animemix_2022-2023/287144.jpg
Danmachi IV;maps/Animemix_2022-2023/282664.jpg
Buddy Daddies;maps/Animemix_2022-2023/280006.jpg
Kin no Kuni Mizu no Kuni ;maps/Animemix_2022-2023/284523.jpg
Mairimashita! Iruma-kun;maps/Animemix_2022-2023/277169.jpg
Gundam: Suisei no Majo;maps/Animemix_2022-2023/276808.jpg
Onii-chan wa Oshimai!;maps/Animemix_2022-2023/281423.jpg
Benriya Saitou-san, Isekai ni Iku ;maps/Animemix_2022-2023/282513.jpg
Sekai no Owari ni Shiba Inu to ;maps/Animemix_2022-2023/286425.jpg
KanColle: Itsuka Ano Umi de;maps/Animemix_2022-2023/277628.jpg
Spy Kyoushitsu;maps/Animemix_2022-2023/282131.jpg
Urusei Yatsura;maps/Animemix_2022-2023/277077.jpg
Blue Lock;maps/Animemix_2022-2023/276819.jpg
Mashle;maps/Animemix_2022-2023/278931.jpg
Ijiranaide, Nagatoro-san;maps/Animemix_2022-2023/286618.jpg
Tensei Oujo to Tensai Reijou no Mahou Kakumei;maps/Animemix_2022-2023/278580.jpg
Kono Subarashii Sekai ni Bakuen o!;maps/Animemix_2022-2023/273328.jpg
Isekai Nonbiri Nouka;maps/Animemix_2022-2023/276524.jpg
Isekai de Cheat Skill ;maps/Animemix_2022-2023/279911.jpg
Maou Gakuin no Futekigousha;maps/Animemix_2022-2023/278885.jpg
NieR:Automata Ver1.1a;maps/Animemix_2022-2023/288636.jpg
Goblin Slayer II;maps/Animemix_2022-2023/294212.jpg
Otonari no Tenshi-sama ni Itsunomanika Dame Ningen ni Sareteita Ken;maps/Animemix_2022-2023/281008.jpg
Eiyuu Ou, Bu o Kiwameru Tame Tenseisu;maps/Animemix_2022-2023/278930.jpg
Tensei Kizoku no Isekai Boukenroku;maps/Animemix_2022-2023/287974.jpg
Jitsu wa Ore, Saikyou Deshita?;maps/Animemix_2022-2023/290231.jpg
Trigun Stampede;maps/Animemix_2022-2023/278743.jpg
